mean,std
22.698995290423866,8.770003162927456
1.7514985805765673,1.117510558654901
2.6958957469320506,0.42178981744794986
196.38406593406594,100.16007844777246
